<?xml version='1.0' encoding='UTF-8'?>
<!DOCTYPE hibernate-configuration PUBLIC
          "-//Hibernate/Hibernate Configuration DTD 3.0//EN"
          "http://hibernate.sourceforge.net/hibernate-configuration-3.0.dtd">

<!-- Generated by MyEclipse Hibernate Tools.                   -->
<hibernate-configuration>

    <session-factory>
        <property name="connection.username">rogue</property>
        <property name="connection.url">jdbc:mysql://localhost:3306/securesite</property>
        <property name="dialect">org.hibernate.dialect.MySQLDialect</property>
        <property name="myeclipse.connection.profile">mysql</property>
        <property name="connection.password">12jaguar89</property>
        <property name="connection.driver_class">com.mysql.jdbc.Driver</property>
          <mapping resource="com/zphinx/spine/unittests/hibernate/mapping/contact.hbm.xml"/>
    </session-factory>

</hibernate-configuration>