<?xml version="1.0" encoding="UTF-8"?>
<groups>

	<group>

		<userName>dsdwd</userName>
		<firstName>cdfg</firstName>
		<lastName>wwww</lastName>
		<groupName>vvddsd</groupName>
		<emailAddress>a@vc.com</emailAddress>

		<lastModifiedDate>2007-10-14 23:15:57</lastModifiedDate>
		<creationDate>1828283839393</creationDate>
		<url>http://www.fsg.com</url>
		<lastLogin>2007-10-24 23:15:57</lastLogin>
		<lastIp>192.168.1.2</lastIp>
	</group>


	<group>

		<userName>gsdhjsj</userName>
		<firstName>kks</firstName>
		<lastName>weii</lastName>
		<groupName>vckkc</groupName>
		<emailAddress>ad@cf.com</emailAddress>

		<lastModifiedDate>2007-10-14 23:15:57</lastModifiedDate>
		<creationDate>1828283839393</creationDate>
		<url>http://www.fsg.com</url>
		<lastLogin>2007-10-24 23:15:57</lastLogin>
		<lastIp>192.168.1.2</lastIp>
	</group>


	<group>

		<userName>ghsajas</userName>
		<firstName>dlld</firstName>
		<lastName>mjjzusw</lastName>
		<groupName>dppalla</groupName>
		<emailAddress>gh@xc.com</emailAddress>

		<lastModifiedDate>2007-10-14 23:15:57</lastModifiedDate>
		<creationDate>1828283839393</creationDate>
		<url>http://www.fsg.com</url>
		<lastLogin>2007-10-24 23:15:57</lastLogin>
		<lastIp>192.168.1.2</lastIp>
	</group>


	<group>

		<userName>vvvv</userName>
		<firstName>eee</firstName>
		<lastName>ggg</lastName>
		<groupName>ss</groupName>
		<emailAddress>b@vfg.com</emailAddress>

		<lastModifiedDate>2007-10-14 23:15:57</lastModifiedDate>
		<creationDate>1828283839393</creationDate>
		<url>http://www.fsg.com</url>
		<lastLogin>2007-10-24 23:15:57</lastLogin>
		<lastIp>192.168.1.2</lastIp>
	</group>


	<group>

		<userName>xxvvb</userName>
		<firstName>sss</firstName>
		<lastName>puwyy</lastName>
		<groupName>trhr</groupName>
		<emailAddress>df@ed.com</emailAddress>

		<lastModifiedDate>2007-10-14 23:15:57</lastModifiedDate>
		<creationDate>1828283839393</creationDate>
		<url>http://www.fsg.com</url>
		<lastLogin>2007-10-24 23:15:57</lastLogin>
		<lastIp>192.168.1.2</lastIp>
	</group>


	<application>
		<userName>dd</userName>
		<firstName>dsdcs</firstName>
		<lastName>fff</lastName>
		<groupName>ffhh</groupName>
		<emailAddress>bnbb@dert.com</emailAddress>
		<lastModifiedDate>2007-10-14 23:15:57</lastModifiedDate>
		<creationDate>1828283839393</creationDate>
		<url>http://www.fsg.com</url>
		<lastLogin>2007-10-24 23:15:57</lastLogin>
		<lastIp>192.168.1.2</lastIp>
	</application>

	<application>
		<userName>aswed</userName>
		<firstName>kjyop</firstName>
		<lastName>lpiy</lastName>
		<groupName>agfsre</groupName>
		<emailAddress>gh@xx.com</emailAddress>
		<lastModifiedDate>2007-10-14 23:15:57</lastModifiedDate>
		<creationDate>1828283839393</creationDate>
		<url>http://www.fsg.com</url>
		<lastLogin>2007-10-24 23:15:57</lastLogin>
		<lastIp>192.168.1.2</lastIp>
	</application>
</groups>
